
Insert into administrator values('arosterne2@studiopress.com','Amandie','Rosterne', 'H0Qzs7c8TUX');

Insert into administrator  values('cfitzer4@nationalgeographic.com','Carie','Fitzer', 'jqOzbK9p');

Insert into administrator  values('gandrich3@zdnet.com','Goldy','Andrich', 'N1FBscg');

Insert into administrator  values('gspadoni0@trellian.com','Geralda','Spadoni', 'VoWNh542');

Insert into administrator  values('orowatt1@istockphoto.com','Onida','Rowatt', 'Wx4LlJOuy');











insert into suffering_account(sa_ID)
values(1167);
insert into suffering_account(sa_ID)
values(191);
insert into suffering_account(sa_ID)
values(5328);
insert into suffering_account(sa_ID)
values(681);
insert into suffering_account(sa_ID)
values(8034);


insert into suffering_account(sa_ID)
values(1000);
insert into suffering_account(sa_ID)
values(181);
insert into suffering_account(sa_ID)
values(5000);
insert into suffering_account(sa_ID)
values(600);
insert into suffering_account(sa_ID)
values(8000);




insert into user_account (user_ID,sa_ID,password,first_name,last_name,balance,email)
values(1167,1167,'SOGpfKJoW','Leeland','Ovington',0,'lovington0@apple.com');

insert into user_account (user_ID,sa_ID,password,first_name,last_name,balance,email)
values(191,191,'MFkaCS','Ettie','Luce',0,'eluce1@wikia.com');

insert into user_account (user_ID,sa_ID,password,first_name,last_name,balance,email)
values(5328,5328,'pUtqb3uPb','Porter','MacColm',3.15,'pmaccolm2@pcworld.com');

insert into user_account (user_ID,sa_ID,password,first_name,last_name,balance,email)
values(681,681,'3MseNB','Ammamaria','Ellor',9.89,'aellor3@blogger.com');

insert into user_account (user_ID,sa_ID,password,first_name,last_name,balance,email)
values(8034,8034,'hvBqfK2G0Uu','Gerick','Klee',1.98,'gklee4@time.com');


insert into user_account (user_ID,sa_ID,password,first_name,last_name,balance,email)
values(1000,1000,'r','Lee','Bond',0,'Bond@apple.com');

insert into user_account (user_ID,sa_ID,password,first_name,last_name,balance,email)
values(181,181,'XCAsad','Rach','El',0,'el@gmail.com');

insert into user_account (user_ID,sa_ID,password,first_name,last_name,balance,email)
values(5000,5000,'asd2321ASD','Potter','Harry',5.00,'potter@gmail.com');

insert into user_account (user_ID,sa_ID,password,first_name,last_name,balance,email)
values(600,600,'FASDcdas','Amma','Elle',10.00,'elle@gmail.com');

insert into user_account (user_ID,sa_ID,password,first_name,last_name,balance,email)
values(8000,8000,'KJBDasd','Gonzo','Wat',2.00,'gonzo@gmail.com');


insert into payment_method(user_ID)
values(1167);
insert into payment_method(user_ID)
values(191);
insert into payment_method(user_ID)
values(5328);
insert into payment_method(user_ID)
values(681);
insert into payment_method(user_ID)
values(8034);
insert into payment_method(user_ID)
values(1000);
insert into payment_method(user_ID)
values(181);
insert into payment_method(user_ID)
values(5000);
insert into payment_method(user_ID)
values(600);
insert into payment_method(user_ID)
values(8000);
insert into payment_method(user_ID)
values(1167);
insert into payment_method(user_ID)
values(191);
insert into payment_method(user_ID)
values(5328);
insert into payment_method(user_ID)
values(681);
insert into payment_method(user_ID)
values(8034);
insert into payment_method(user_ID)
values(1000);
insert into payment_method(user_ID)
values(181);
insert into payment_method(user_ID)
values(5000);
insert into payment_method(user_ID)
values(600);
insert into payment_method(user_ID)
values(8000);





insert into credit_card(id_ref,card_number,credit_card_name,exp_date,cvc)
values(1,'5020718368983288','Leeland Ovington','2020-08-30',447);

insert into credit_card(id_ref,card_number,credit_card_name,exp_date,cvc)
values(2,'3578183235465325','Ettie Luce','2023-10-16',774);

insert into credit_card(id_ref,card_number,credit_card_name,exp_date,cvc)
values(3,'6706599349547183','Porter MacColm','2021-03-25',350);

insert into credit_card(id_ref,card_number,credit_card_name,exp_date,cvc)
values(4,'5100133261539412','Ammamaria Ellor','2022-09-20',341);

insert into credit_card(id_ref,card_number,credit_card_name,exp_date,cvc)
values(5,'5602255396525397','Gerick Klee','2020-09-30',383);
insert into credit_card(id_ref,card_number,credit_card_name,exp_date,cvc)
values(6,'5020718368983388','Lee Bond','2022-08-30',417);

insert into credit_card(id_ref,card_number,credit_card_name,exp_date,cvc)
values(7,'3578183235465435','Rach El','2024-11-16',724);

insert into credit_card(id_ref,card_number,credit_card_name,exp_date,cvc)
values(8,'6706599349547565','Potter Harry','2020-10-25',330);

insert into credit_card(id_ref,card_number,credit_card_name,exp_date,cvc)
values(9,'5100133261539311','Amma Elle','2022-11-20',311);

insert into credit_card(id_ref,card_number,credit_card_name,exp_date,cvc)
values(10,'5602255396525973','Gonzo Wat','2024-11-30',303);



insert into checking_account (bank_account_num, id_ref, name_of_assoc_acct) values ('2497087768', 11, 'Leeland Ovington');
insert into checking_account (bank_account_num, id_ref, name_of_assoc_acct) values ('3177692696', 12, 'Ettie Luce');
insert into checking_account (bank_account_num, id_ref, name_of_assoc_acct) values ('4025657589', 13, 'Porter MacColm');
insert into checking_account (bank_account_num, id_ref, name_of_assoc_acct) values ('6012490410', 14, 'Ammamaria Ellor');
insert into checking_account (bank_account_num, id_ref, name_of_assoc_acct) values ('5757225904', 15, 'Gerick Klee');
insert into checking_account (bank_account_num, id_ref, name_of_assoc_acct) values ('2497087876', 16, 'Lee Bond');
insert into checking_account (bank_account_num, id_ref, name_of_assoc_acct) values ('3177692969', 17, 'Rach El');
insert into checking_account (bank_account_num, id_ref, name_of_assoc_acct) values ('4025657985', 18, 'Potter Harry');
insert into checking_account (bank_account_num, id_ref, name_of_assoc_acct) values ('6012490014', 19, 'Amma Elle');
insert into checking_account (bank_account_num, id_ref, name_of_assoc_acct) values ('5757225409', 20, 'Gonzo Wat');




insert into employer (user_id, employer_membership_type) values (191, 'gold');
insert into employer (user_id, employer_membership_type) values (681, 'gold');
insert into employer (user_id, employer_membership_type) values (1167, 'gold');
insert into employer (user_id, employer_membership_type) values (5328, 'prime');
insert into employer (user_id, employer_membership_type) values (8034, 'prime');



insert into category (category_name, user_ID) values ('Engineering', 191);
insert into category (category_name, user_ID) values ('Marketing', 681);
insert into category (category_name, user_ID) values ('Finance', 1167);
insert into category (category_name, user_ID) values ('Arts', 5328);
insert into category (category_name, user_ID) values ('Health', 8034);



insert into job (category_name, user_ID, num_of_workers_needed, date_posted, job_title, job_status, job_description) values ('Engineering', 191, 2, '2020-06-11', 'Civil Engineer', 'open', 'id nisl venenatis lacinia aenean sit amet');

insert into job (category_name, user_ID, num_of_workers_needed, date_posted, job_title, job_status, job_description) values ('Marketing', 681, 4, '2020-05-04', 'Content Manager', 'open', 'nullam porttitor lacus at turpis donec');

insert into job (category_name, user_ID, num_of_workers_needed, date_posted, job_title, job_status, job_description) values ('Finance', 1167, 2, '2020-05-28', 'Financial Advisor', 'open', 'pretium nisl ut volutpat sapien arcu sed');

insert into job (category_name, user_ID, num_of_workers_needed, date_posted, job_title, job_status, job_description) values ('Arts', 5328, 5, '2019-08-31', 'Creative Director', 'open', 'ultrices posuere cubilia curae donec pharetra');

insert into job (category_name, user_ID, num_of_workers_needed, date_posted, job_title, job_status, job_description) values ('Health', 8034, 2, '2019-09-28', 'Nurse', 'open', 'amet diam in magna bibendum imperdiet nullam orci');










insert into employee (user_id, employee_membership_type) values (1000, 'gold');
insert into employee (user_id, employee_membership_type) values (181, 'gold');
insert into employee (user_id, employee_membership_type) values (5000, 'basic');
insert into employee (user_id, employee_membership_type) values (600, 'prime');
insert into employee (user_id, employee_membership_type) values (8000, 'prime');



insert into choose (employee_user_ID, category_name) values (1000, 'Engineering');
insert into choose (employee_user_ID, category_name) values (181, 'Marketing');
insert into choose (employee_user_ID, category_name) values (5000, 'Arts');
insert into choose (employee_user_ID, category_name) values (600, 'Finance');
insert into choose (employee_user_ID, category_name) values (8000, 'Health');






insert into give_offer (employee_user_ID, employer_user_ID, job_ID) values (1000, 191, 1);
insert into give_offer (employee_user_ID, employer_user_ID, job_ID) values (181, 681, 2);
insert into give_offer (employee_user_ID, employer_user_ID, job_ID) values (5000, 1167, 3);
insert into give_offer (employee_user_ID, employer_user_ID, job_ID) values (600, 5328, 4);
insert into give_offer (employee_user_ID, employer_user_ID, job_ID) values (8000, 8034, 5);


insert into updates (employee_user_ID, employer_user_ID) values (1000, 191);
insert into updates (employee_user_ID, employer_user_ID) values (181, 681);
insert into updates (employee_user_ID, employer_user_ID) values (5000, 1167);
insert into updates (employee_user_ID, employer_user_ID) values (600, 5328);
insert into updates (employee_user_ID, employer_user_ID) values (8000, 8034);




insert into apply (employee_user_ID, job_ID, app_status, date_applied) values (1000, 1, 'accepted', '2020-05-28');
insert into apply (employee_user_ID, job_ID, app_status, date_applied) values (181, 2, 'accepted', '2020-01-25');
insert into apply (employee_user_ID, job_ID, app_status, date_applied) values (5000, 3, 'accepted', '2019-08-24');
insert into apply (employee_user_ID, job_ID, app_status, date_applied) values (600, 4, 'accepted', '2019-09-12');
insert into apply (employee_user_ID, job_ID, app_status, date_applied) values (8000, 5, 'applied', '2020-05-11');
